scenario;dimension;segment;n;win_rate_t1;avg_return;median_return;profit_factor;max_drawdown;expectancy;avg_holding_weeks
A;score;alto (>=70);20;0.25;0.3218;0.0495;9.306;-0.4939;0.2637;48.1
A;score;bajo (<40);69;0.0725;0.1232;0.1774;2.4737;-0.7163;-0.0016;47.5
A;score;medio (40-69);322;0.0839;0.1396;0.0931;2.8635;-0.7796;0.0224;46.9
A;fibonacci;alta (0.68-0.786);50;0.12;0.1944;0.1244;3.1909;-0.6329;0.0698;45.3
A;fibonacci;baja (0.382-0.50);159;0.0629;0.156;0.1408;3.5241;-0.7796;0.0275;49.8
A;fibonacci;ideal (0.50-0.68);202;0.104;0.1255;0.0931;2.5464;-0.7382;0.0222;45.3
A;mercado;AS;18;0.0556;-0.1191;-0.2302;0.5235;-0.6162;-0.0876;44.1
A;mercado;BR;8;0.0;-0.1432;-0.076;0.1109;-0.5369;-0.1075;44.0
A;mercado;LS;10;0.1;0.0325;0.0232;1.3801;-0.4939;0.0408;39.9
A;mercado;MC;16;0.0;-0.0064;-0.0052;0.9336;-0.4828;-0.0163;46.9
A;mercado;MI;4;0.25;0.881;0.7546;inf;-0.4652;0.5069;39.5
A;mercado;OL;13;0.0769;0.0049;-0.0431;1.0297;-0.6712;-0.0476;49.2
A;mercado;PA;4;0.0;0.1944;0.4044;4.3359;-0.321;0.0;52.0
A;mercado;ST;22;0.0;0.1542;0.1289;8.4422;-0.2911;0.0;48.8
A;mercado;US;316;0.1044;0.1746;0.1443;3.8104;-0.7796;0.0419;47.4
A;año;2013;8;0.125;0.1978;0.1824;20.5866;-0.1682;0.0966;49.2
A;año;2014;18;0.2222;0.1645;0.1789;4.1328;-0.4939;0.0526;48.4
A;año;2015;26;0.0;-0.0205;-0.04;0.7945;-0.5664;0.0;52.0
A;año;2016;44;0.1364;0.3364;0.336;26.5337;-0.2595;0.0846;50.9
A;año;2017;18;0.2778;0.2163;0.2744;11.3858;-0.2612;0.0993;51.6
A;año;2018;15;0.0667;0.0118;0.0505;1.1198;-0.5321;-0.0182;49.7
A;año;2019;50;0.02;-0.0744;-0.1005;0.6553;-0.7796;-0.1791;42.2
A;año;2020;22;0.3182;0.3636;0.3763;8.8955;-0.5594;0.2075;45.3
A;año;2021;11;0.0909;-0.1563;-0.2677;0.2278;-0.5259;-0.0311;48.4
A;año;2022;30;0.0;0.0844;0.1127;1.9452;-0.6125;-0.039;51.3
A;año;2023;88;0.0341;0.1639;0.1737;4.4593;-0.6162;0.0128;51.3
A;año;2024;24;0.125;0.2723;0.2302;7.884;-0.4018;0.0965;52.0
A;año;2025;28;0.1429;0.3516;0.1993;5.4945;-0.5442;0.2746;48.3
A;año;2026;29;0.0345;0.0379;0.0222;2.8941;-0.2759;0.006;18.0
B;score;alto (>=70);20;0.2;0.2063;0.0241;4.9542;-0.3925;0.1231;36.0
B;score;bajo (<40);69;0.0725;0.098;0.0395;2.3935;-0.4817;-0.0211;36.5
B;score;medio (40-69);322;0.0839;0.1125;0.0222;2.5021;-0.5231;-0.0089;36.5
B;fibonacci;alta (0.68-0.786);50;0.12;0.1629;-0.0316;3.1872;-0.4817;0.0591;31.0
B;fibonacci;baja (0.382-0.50);159;0.0629;0.1194;0.0603;2.6976;-0.4735;-0.0261;39.6
B;fibonacci;ideal (0.50-0.68);202;0.099;0.0989;0.0114;2.323;-0.5231;-0.0034;35.4
B;mercado;AS;18;0.0556;-0.0349;-0.153;0.7828;-0.4817;-0.1225;27.8
B;mercado;BR;8;0.0;-0.099;-0.0934;0.1529;-0.295;-0.0881;37.2
B;mercado;LS;10;0.1;0.0585;-0.0344;2.0204;-0.3925;0.026;21.6
B;mercado;MC;16;0.0;-0.0357;-0.0808;0.6788;-0.3111;-0.0846;33.7
B;mercado;MI;4;0.0;0.3217;0.6137;7.1364;-0.2226;-0.0524;28.5
B;mercado;OL;13;0.0769;0.0681;-0.0432;1.6624;-0.3267;-0.0427;40.5
B;mercado;PA;4;0.0;0.1954;0.4044;4.4135;-0.2861;-0.0573;46.5
B;mercado;ST;22;0.0;0.1279;0.1072;4.7952;-0.221;-0.0314;40.9
B;mercado;US;316;0.1044;0.1353;0.0596;3.0061;-0.5231;0.0121;37.1
B;año;2013;8;0.125;0.1978;0.1824;20.5866;-0.1682;0.0966;49.2
B;año;2014;18;0.2222;0.1735;0.1789;5.7483;-0.3925;0.0503;43.3
B;año;2015;26;0.0;-0.106;-0.1242;0.1812;-0.2861;-0.1245;27.3
B;año;2016;44;0.1364;0.333;0.336;21.0563;-0.1986;0.0708;47.2
B;año;2017;18;0.2778;0.1976;0.2744;9.1187;-0.221;0.0934;42.5
B;año;2018;15;0.0667;-0.0563;-0.0946;0.4427;-0.2848;-0.0644;22.7
B;año;2019;50;0.02;-0.0264;-0.1414;0.8037;-0.5231;-0.113;32.6
B;año;2020;22;0.3182;0.2786;0.3636;4.1521;-0.4538;0.1621;30.7
B;año;2021;11;0.0909;-0.0926;-0.1654;0.3324;-0.3293;-0.1387;30.7
B;año;2022;30;0.0;0.0468;-0.0171;1.5067;-0.4817;-0.0811;38.8
B;año;2023;88;0.0341;0.1399;0.1222;3.3412;-0.4816;-0.0276;42.5
B;año;2024;24;0.125;0.1319;0.0891;3.2555;-0.365;0.0464;40.0
B;año;2025;28;0.1071;0.2482;0.0495;3.7972;-0.3669;0.1387;35.6
B;año;2026;29;0.0345;0.0056;0.0074;1.1469;-0.2379;-0.0229;14.8
C;score;alto (>=70);20;0.05;0.1283;0.0495;4.0988;-0.4225;0.0438;28.6
C;score;bajo (<40);69;0.029;0.0595;0.0;1.9758;-0.4901;-0.0209;32.7
C;score;medio (40-69);322;0.0217;0.0866;0.0;2.3814;-0.5837;0.0049;34.2
C;fibonacci;alta (0.68-0.786);50;0.04;0.0454;0.0;1.6039;-0.4817;0.0021;27.2
C;fibonacci;baja (0.382-0.50);159;0.0126;0.108;0.0395;2.9435;-0.4728;0.0001;36.0
C;fibonacci;ideal (0.50-0.68);202;0.0297;0.0749;0.0;2.197;-0.5837;0.0043;33.5
C;mercado;AS;18;0.0;-0.0251;-0.1253;0.8123;-0.4817;-0.1162;23.2
C;mercado;BR;8;0.0;-0.0756;-0.0702;0.1681;-0.3286;-0.0374;42.2
C;mercado;LS;10;0.0;0.0284;0.0232;1.8972;-0.1698;-0.002;25.1
C;mercado;MC;16;0.0;-0.0719;-0.0808;0.4423;-0.3167;-0.0822;30.6
C;mercado;MI;4;0.0;0.2722;0.5959;5.3684;-0.4225;0.0867;28.0
C;mercado;OL;13;0.0;-0.0333;-0.0431;0.7068;-0.5837;-0.0552;31.3
C;mercado;PA;4;0.0;0.1858;0.4044;3.7783;-0.2861;-0.0669;46.5
C;mercado;ST;22;0.0;0.0968;0.0167;4.3154;-0.221;0.0182;32.2
C;mercado;US;316;0.0316;0.1043;0.0395;2.9303;-0.4901;0.0157;34.6
C;año;2013;8;0.0;0.0969;0.1824;10.5941;-0.1682;0.0488;39.2
C;año;2014;18;0.1111;0.168;0.1789;9.3143;-0.2736;0.0749;38.4
C;año;2015;26;0.0;-0.0876;-0.1344;0.3184;-0.4405;-0.1135;29.4
C;año;2016;44;0.0909;0.2751;0.2675;14.4447;-0.2416;0.0633;43.6
C;año;2017;18;0.0556;0.2004;0.2082;9.5863;-0.221;0.1072;43.9
C;año;2018;15;0.0;-0.0507;0.0;0.3873;-0.3493;-0.0627;26.3
C;año;2019;50;0.0;0.0058;0.0;1.0567;-0.5837;-0.0725;30.3
C;año;2020;22;0.0455;0.1062;0.0467;2.0969;-0.4848;0.0598;19.3
C;año;2021;11;0.0;-0.0038;0.0;0.9493;-0.2649;-0.0327;23.5
C;año;2022;30;0.0;-0.0215;0.0;0.7657;-0.4817;-0.0809;33.2
C;año;2023;88;0.0114;0.1281;0.0682;3.6594;-0.4816;0.0059;42.1
C;año;2024;24;0.0;0.1175;0.0818;4.3856;-0.3128;0.1057;34.4
C;año;2025;28;0.0;0.0534;0.0;1.7285;-0.4728;0.0278;28.4
C;año;2026;29;0.0345;0.0197;0.0074;1.6172;-0.2759;-0.0105;15.9
